sku,name,main_category,price,weight_grams,description_temp,composition_temp,source_note
,Сет «Наконец-то весна»,Сеты,1999,,Сет из нескольких позиций. Уточнить состав вручную.,,"Временное описание, собрано автоматически из menu-master.csv / ТТК."
,Сет амур,Сеты,1399,,Сет из нескольких позиций. Уточнить состав вручную.,,"Временное описание, собрано автоматически из menu-master.csv / ТТК."
,Суши торт,Сеты,10000,,Сет из нескольких позиций. Уточнить состав вручную.,,"Временное описание, собрано автоматически из menu-master.csv / ТТК."
570,Сет РОЖДЕСТВЕНСКИЙ,Сеты,2690,,Сет из нескольких позиций. Уточнить состав вручную.,,"Временное описание, собрано автоматически из menu-master.csv / ТТК."
320,сет ПО-КАЙФУ,Сеты,1299,,"В набор входят: (по кайфу) зап с цыплёнком, (по кайфу) в огруце, ЛАВА С КРЕВЕТКОЙ, ЛАЙТ ФИЛАДЕЛЬФИЯ С ОГУРЦОМ.","(по кайфу) зап с цыплёнком, (по кайфу) в огруце, ЛАВА С КРЕВЕТКОЙ, ЛАЙТ ФИЛАДЕЛЬФИЯ С ОГУРЦОМ","Временное описание, собрано автоматически из menu-master.csv / ТТК."
401,сет ОСТРЫЙ СТАРТ,Сеты,969,,"В набор входят: БЕЛАЯ ФИЛАДЕЛЬФИЯ, ТОРТИЛЬЯ ЕВГЕШОК, ЗАП КУРА ШИИТАКЕ.","БЕЛАЯ ФИЛАДЕЛЬФИЯ, ТОРТИЛЬЯ ЕВГЕШОК, ЗАП КУРА ШИИТАКЕ","Временное описание, собрано автоматически из menu-master.csv / ТТК."
403,сет Морской,Сеты,929,,"В набор входят: (морской) ЗАП С КРЕВЕТКОЙ 8шт, (морской) зап с лососем 8шт, (морской) зап с мидиями 8шт.","(морской) ЗАП С КРЕВЕТКОЙ 8шт, (морской) зап с лососем 8шт, (морской) зап с мидиями 8шт","Временное описание, собрано автоматически из menu-master.csv / ТТК."
284,сет ЗАПЕЧЕННЫЙ КВАРТЕТ,Сеты,888,,"В набор входят: ЗАП КУРА ШИИТАКЕ, ЗАП КАППА, ЗАП С КУРОЙ, ЗАП ТЕРИЯКИ.","ЗАП КУРА ШИИТАКЕ, ЗАП КАППА, ЗАП С КУРОЙ, ЗАП ТЕРИЯКИ","Временное описание, собрано автоматически из menu-master.csv / ТТК."
406,сет БОЛЬШАЯ КОМПАНИЯ,Сеты,2099,,"В набор входят: ГОР БАРБЕКЮ, ЗАП ЭБИ ТОМАГО, филадельфия ТЕМПУРА, ФУДЗИЯМА, КАТАНА, ЗАП С КУРОЙ, МАКИ КРАБ, ЛАВА С ЛОСОСЕМ ТЕРИЯКИ.","ГОР БАРБЕКЮ, ЗАП ЭБИ ТОМАГО, филадельфия ТЕМПУРА, ФУДЗИЯМА, КАТАНА, ЗАП С КУРОЙ, МАКИ КРАБ, ЛАВА С ЛОСОСЕМ ТЕРИЯКИ","Временное описание, собрано автоматически из menu-master.csv / ТТК."
404,МИНИ БОКС ЗАПЕЧЁННЫЙ,Сеты,839,,"В набор входят: (сет4мини) ЗАП БОНИТО 6шт, (сет 4мини) ЗАП С КРЕВЕТКОЙ 6шт, ЗАП С ЛОСОСЕМ.","(сет4мини) ЗАП БОНИТО 6шт, (сет 4мини) ЗАП С КРЕВЕТКОЙ 6шт, ЗАП С ЛОСОСЕМ","Временное описание, собрано автоматически из menu-master.csv / ТТК."
402,сет ЗАПЕЧЁННАЯ ТРОЙКА,Сеты,779,,"В набор входят: (сет2) ЗАП ЭБИ ТОМАГО 8шт, (сет 2) ЗАП КУРА ШИИТАКЕ 8шт, (сет 2) ЗАП ТЕРИЯКИ 8шт.","(сет2) ЗАП ЭБИ ТОМАГО 8шт, (сет 2) ЗАП КУРА ШИИТАКЕ 8шт, (сет 2) ЗАП ТЕРИЯКИ 8шт","Временное описание, собрано автоматически из menu-master.csv / ТТК."
286,сет ВСТРЕЧА,Сеты,1799,,"В набор входят: ЗАП КАППА, ЯКУ, ЛАЙТ ФИЛАДЕЛЬФИЯ, КАЛИФОРНИЯ КЛАССИЧЕСКАЯ, ЗАП ТЕРИЯКИ, ЗАП С КУРОЙ, ЗАП КУРА ШИИТАКЕ.","ЗАП КАППА, ЯКУ, ЛАЙТ ФИЛАДЕЛЬФИЯ, КАЛИФОРНИЯ КЛАССИЧЕСКАЯ, ЗАП ТЕРИЯКИ, ЗАП С КУРОЙ, ЗАП КУРА ШИИТАКЕ","Временное описание, собрано автоматически из menu-master.csv / ТТК."
287,сет ДРУЖБА,Сеты,1899,,"В набор входят: ТОРТИЛЬЯ КАЙ, ЛАВА С ЛОСОСЕМ ТЕРИЯКИ, КАНИ ИКУРА, КРАБ ТЕМПУРА, ЧИКЕН МАКИ, СЛИВОЧНЫЙ МАСАГО, ФУДЗИЯМА.","ТОРТИЛЬЯ КАЙ, ЛАВА С ЛОСОСЕМ ТЕРИЯКИ, КАНИ ИКУРА, КРАБ ТЕМПУРА, ЧИКЕН МАКИ, СЛИВОЧНЫЙ МАСАГО, ФУДЗИЯМА","Временное описание, собрано автоматически из menu-master.csv / ТТК."
020,сет ДРАКОНЫ,Сеты,2249,,"В набор входят: (БАРХ, ДРАКОН) СЛИВОЧНАЯ КРЕВЕТКА, (ДРАКОН) СЛИВОЧНЫЙ УГОРЬ, (ДРАКОН) СЛИВОЧНЫЙ ЛОСОСЬ.","(БАРХ, ДРАКОН) СЛИВОЧНАЯ КРЕВЕТКА, (ДРАКОН) СЛИВОЧНЫЙ УГОРЬ, (ДРАКОН) СЛИВОЧНЫЙ ЛОСОСЬ","Временное описание, собрано автоматически из menu-master.csv / ТТК."
198,сет ДОБРО,Сеты,1999,,"В набор входят: ЗАП ЭБИ ТОМАГО, ЗАП С КУРОЙ, МАКИ КРАБ, ГОР БАРБЕКЮ, ФУДЗИЯМА, РЕД МОДЕЛЬ, филадельфия ТЕМПУРА.","ЗАП ЭБИ ТОМАГО, ЗАП С КУРОЙ, МАКИ КРАБ, ГОР БАРБЕКЮ, ФУДЗИЯМА, РЕД МОДЕЛЬ, филадельфия ТЕМПУРА","Временное описание, собрано автоматически из menu-master.csv / ТТК."
321,сет ВКУСНО ЕМ,Сеты,1399,,"В набор входят: (вкусно ем) ЗАП С КРАБОМ, (вкусно ем) сливочный КАРБОНАД, ЛАВА С КРЕВЕТКОЙ.","(вкусно ем) ЗАП С КРАБОМ, (вкусно ем) сливочный КАРБОНАД, ЛАВА С КРЕВЕТКОЙ","Временное описание, собрано автоматически из menu-master.csv / ТТК."
285,сет КОРПОРАТИВНЫЙ,Сеты,1999,,"В набор входят: ЯКУ, СЛИВОЧНЫЙ ОГУРЕЦ, ЛАВА С ШИИТАКЕ, ЧИКЕН МАКИ, КАППА-ИРИ, ВАСАБИ-КРАБ, ТОРНАДО, МАКИ КРАБ.","ЯКУ, СЛИВОЧНЫЙ ОГУРЕЦ, ЛАВА С ШИИТАКЕ, ЧИКЕН МАКИ, КАППА-ИРИ, ВАСАБИ-КРАБ, ТОРНАДО, МАКИ КРАБ","Временное описание, собрано автоматически из menu-master.csv / ТТК."
113,сет запеченный ЭТНА,Сеты,499,,В набор входят: (ЭТНА) ЗАП КРАБ ОМЛЕТ.,(ЭТНА) ЗАП КРАБ ОМЛЕТ,"Временное описание, собрано автоматически из menu-master.csv / ТТК."
118,сет ХОСОМАКИ,Сеты,777,,"В набор входят: МАКИ КРЕВЕТКА, МАКИ УГОРЬ, МАКИ КРАБ, СЛИВОЧНЫЙ ОГУРЕЦ.","МАКИ КРЕВЕТКА, МАКИ УГОРЬ, МАКИ КРАБ, СЛИВОЧНЫЙ ОГУРЕЦ","Временное описание, собрано автоматически из menu-master.csv / ТТК."
112,сет запечённый МАКИ,Сеты,799,,"В набор входят: ЗАП КАППА, ЗАП С КУРОЙ, ЗАП С ЛОСОСЕМ.","ЗАП КАППА, ЗАП С КУРОЙ, ЗАП С ЛОСОСЕМ","Временное описание, собрано автоматически из menu-master.csv / ТТК."
144,2 сета по цене 1,Сеты,1999,,В набор входят: сет ТЕМПУРНЫЙ.,сет ТЕМПУРНЫЙ,"Временное описание, собрано автоматически из menu-master.csv / ТТК."
111,сет ВЫГОДНЫЙ,Сеты,1499,,"В набор входят: МАНХЭТТЭН, СПАЙСИ КАРБОНАД, ЗАП С КУРОЙ, ЯСАЙ, ГОР ОСТРЫЙ КРАБ.","МАНХЭТТЭН, СПАЙСИ КАРБОНАД, ЗАП С КУРОЙ, ЯСАЙ, ГОР ОСТРЫЙ КРАБ","Временное описание, собрано автоматически из menu-master.csv / ТТК."
115,сет КОМБО,Сеты,1609,,"В набор входят: ГОР КРАБ, ЛАЙТ ФИЛАДЕЛЬФИЯ x0.75, САКУРА, ГОР САЛЬМОН ТЕРИЯКИ, ГОР КУРА С СЫРОМ.","ГОР КРАБ, ЛАЙТ ФИЛАДЕЛЬФИЯ x0.75, САКУРА, ГОР САЛЬМОН ТЕРИЯКИ, ГОР КУРА С СЫРОМ","Временное описание, собрано автоматически из menu-master.csv / ТТК."
114,сет ЗОЛОТОЙ КЛЮЧИК,Сеты,909,,"В набор входят: (зол. ключик) 4, (зол. ключик) 3, (зол. ключик) 2, (зол. ключик) 1.","(зол. ключик) 4, (зол. ключик) 3, (зол. ключик) 2, (зол. ключик) 1","Временное описание, собрано автоматически из menu-master.csv / ТТК."
318,сет ТРИО,Сеты,1649,,"В набор входят: ЛАЙТ ФИЛАДЕЛЬФИЯ С ОГУРЦОМ, ЛАВА С ШИИТАКЕ, филадельфия ДВОЙНОЙ СЫР.","ЛАЙТ ФИЛАДЕЛЬФИЯ С ОГУРЦОМ, ЛАВА С ШИИТАКЕ, филадельфия ДВОЙНОЙ СЫР","Временное описание, собрано автоматически из menu-master.csv / ТТК."
143,сет ПЛЯЖНЫЙ,Сеты,1279,,"В набор входят: (акция) КАЛИФОРНИЯ, ЛАЙТ ФИЛАДЕЛЬФИЯ С ОГУРЦОМ, САЛЬМОН СКИН ГОЛД, ОВОЩИ В КУНЖУТЕ, ЛАВА С ТАКУАНОМ.","(акция) КАЛИФОРНИЯ, ЛАЙТ ФИЛАДЕЛЬФИЯ С ОГУРЦОМ, САЛЬМОН СКИН ГОЛД, ОВОЩИ В КУНЖУТЕ, ЛАВА С ТАКУАНОМ","Временное описание, собрано автоматически из menu-master.csv / ТТК."
001,сет ТОПЧИК,Сеты,695,,"В набор входят: МАКИ КРАБ x0.5, РОЛЛ С КРЕВЕТКОЙ x0.5, РОЛЛ С ЛОСОСЕМ x0.5.","МАКИ КРАБ x0.5, РОЛЛ С КРЕВЕТКОЙ x0.5, РОЛЛ С ЛОСОСЕМ x0.5","Временное описание, собрано автоматически из menu-master.csv / ТТК."
005,сет ТЕМПУРНЫЙ,Сеты,899,,"В набор входят: КРАБ ТЕМПУРА, КОРЕЙСКИЙ темпура, филадельфия ТЕМПУРА.","КРАБ ТЕМПУРА, КОРЕЙСКИЙ темпура, филадельфия ТЕМПУРА","Временное описание, собрано автоматически из menu-master.csv / ТТК."
004,сет РЫБНЫЙ,Сеты,1039,,"В набор входят: филадельфия КЛАССИЧЕСКАЯ x0.5, КАЛИФОРНИЯ КЛАССИЧЕСКАЯ x0.5, ЛАВА С ЛОСОСЕМ x0.5, СУШИ С КРЕВЕТКОЙ, ГУНКАН ФИЛАДЕЛЬФИЯ.","филадельфия КЛАССИЧЕСКАЯ x0.5, КАЛИФОРНИЯ КЛАССИЧЕСКАЯ x0.5, ЛАВА С ЛОСОСЕМ x0.5, СУШИ С КРЕВЕТКОЙ, ГУНКАН ФИЛАДЕЛЬФИЯ","Временное описание, собрано автоматически из menu-master.csv / ТТК."
003,сет ЗАПЕЧЁННЫЙ,Сеты,888,,"В набор входят: ЗАП КУРА ГРИБ, ЗАП СУРИМИ, ЗАП ТЕРИЯКИ.","ЗАП КУРА ГРИБ, ЗАП СУРИМИ, ЗАП ТЕРИЯКИ","Временное описание, собрано автоматически из menu-master.csv / ТТК."
010,сет ВОСТОРГ,Сеты,1299,,"В набор входят: ЦЕЗАРЬ, ЗАП С КУРОЙ, ЗАП ЭБИ ТОМАГО, ЗАП СУРИМИ x0.75.","ЦЕЗАРЬ, ЗАП С КУРОЙ, ЗАП ЭБИ ТОМАГО, ЗАП СУРИМИ x0.75","Временное описание, собрано автоматически из menu-master.csv / ТТК."
015,сет НА ДВОИХ,Сеты,1919,,"В набор входят: СУШИ С УГРЕМ, СУШИ С КРЕВЕТКОЙ, КАЛИФА С СЫРОМ, ГУНКАН С ЧУКОЙ И КРАБОМ.","СУШИ С УГРЕМ, СУШИ С КРЕВЕТКОЙ, КАЛИФА С СЫРОМ, ГУНКАН С ЧУКОЙ И КРАБОМ","Временное описание, собрано автоматически из menu-master.csv / ТТК."
028,сет УДАЧА,Сеты,1777,,"В набор входят: (удача) в блине, КАППА ХОСОМАКИ, (удача) в крабе, (морской) зап с мидиями, (удача) ЗАП С КУРОЙ 8шт.","(удача) в блине, КАППА ХОСОМАКИ, (удача) в крабе, (морской) зап с мидиями, (удача) ЗАП С КУРОЙ 8шт","Временное описание, собрано автоматически из menu-master.csv / ТТК."
017,сет БАРХАТНЫЙ,Сеты,1899,,"В набор входят: (БАРХАТНЫЙ) лава краб стружка, (БАРХ, ДРАКОН) СЛИВОЧНАЯ КРЕВЕТКА, СЛИВОЧНЫЙ ШИИТАКЕ, КАЛИФОРНИЯ КЛАССИЧЕСКАЯ, ЛАЙТ ФИЛАДЕЛЬФИЯ.","(БАРХАТНЫЙ) лава краб стружка, (БАРХ, ДРАКОН) СЛИВОЧНАЯ КРЕВЕТКА, СЛИВОЧНЫЙ ШИИТАКЕ, КАЛИФОРНИЯ КЛАССИЧЕСКАЯ, ЛАЙТ ФИЛАДЕЛЬФИЯ","Временное описание, собрано автоматически из menu-master.csv / ТТК."
023,сет СЛИВОЧНЫЙ РАЙ,Сеты,2439,,"В набор входят: (БАРХ, ДРАКОН) СЛИВОЧНАЯ КРЕВЕТКА, (ДРАКОН) СЛИВОЧНЫЙ ЛОСОСЬ, (ДРАКОН) СЛИВОЧНЫЙ УГОРЬ, (сл рай) СЛИВОЧНЫЙ, (сл рай) СЛИВОЧНЫЙ БОНИТО.","(БАРХ, ДРАКОН) СЛИВОЧНАЯ КРЕВЕТКА, (ДРАКОН) СЛИВОЧНЫЙ ЛОСОСЬ, (ДРАКОН) СЛИВОЧНЫЙ УГОРЬ, (сл рай) СЛИВОЧНЫЙ, (сл рай) СЛИВОЧНЫЙ БОНИТО","Временное описание, собрано автоматически из menu-master.csv / ТТК."
019,сет ТРИ ФИЛАДЕЛЬФИИ,Сеты,2199,,"В набор входят: филадельфия классическая С ОГУРЦОМ, филадельфия КЛАССИЧЕСКАЯ, филадельфия ЭБИ.","филадельфия классическая С ОГУРЦОМ, филадельфия КЛАССИЧЕСКАЯ, филадельфия ЭБИ","Временное описание, собрано автоматически из menu-master.csv / ТТК."
006,сет МНОГО ЛОСОСЯ,Сеты,1119,,"В набор входят: филадельфия В КУНЖУТЕ, филадельфия ТЕМПУРА, РОЛЛ С ЛОСОСЕМ.","филадельфия В КУНЖУТЕ, филадельфия ТЕМПУРА, РОЛЛ С ЛОСОСЕМ","Временное описание, собрано автоматически из menu-master.csv / ТТК."
007,сет 4 в 1,Сеты,1299,,"В набор входят: ГУНКАН ЛОСОСЬ СПАЙСИ, ЛАЙТ ФИЛАДЕЛЬФИЯ С ОГУРЦОМ, ГОР ЧИКЕН.","ГУНКАН ЛОСОСЬ СПАЙСИ, ЛАЙТ ФИЛАДЕЛЬФИЯ С ОГУРЦОМ, ГОР ЧИКЕН","Временное описание, собрано автоматически из menu-master.csv / ТТК."
009,сет ВЕЧЕРНИЙ,Сеты,1289,,"В набор входят: БЛЭК, филадельфия В КУНЖУТЕ, СЛИВОЧНЫЙ ОГУРЕЦ, ЛАЙТ ФИЛАДЕЛЬФИЯ С ОГУРЦОМ.","БЛЭК, филадельфия В КУНЖУТЕ, СЛИВОЧНЫЙ ОГУРЕЦ, ЛАЙТ ФИЛАДЕЛЬФИЯ С ОГУРЦОМ","Временное описание, собрано автоматически из menu-master.csv / ТТК."
012,сет ПОПУЛЯРНЫЙ,Сеты,1299,,"В набор входят: КИОТО, СЛИВОЧНЫЙ ОГУРЕЦ, ЛАЙТ ФИЛАДЕЛЬФИЯ С ОГУРЦОМ.","КИОТО, СЛИВОЧНЫЙ ОГУРЕЦ, ЛАЙТ ФИЛАДЕЛЬФИЯ С ОГУРЦОМ","Временное описание, собрано автоматически из menu-master.csv / ТТК."
016,сет ХИТ,Сеты,1444,,"В набор входят: ЗАП КАППА, ЗАП КУРА ШИИТАКЕ, ВАСАБИ-КРАБ, ЛАЙТ ФИЛАДЕЛЬФИЯ С ОГУРЦОМ, КИОТО.","ЗАП КАППА, ЗАП КУРА ШИИТАКЕ, ВАСАБИ-КРАБ, ЛАЙТ ФИЛАДЕЛЬФИЯ С ОГУРЦОМ, КИОТО","Временное описание, собрано автоматически из menu-master.csv / ТТК."
018,сет ОЛЛ ИНКЛЮЗИВ,Сеты,1529,,"В набор входят: ГОРЯЧИЙ КРАБ, РОЛЛ С ЛОСОСЕМ, ЛАВА С ЛОСОСЕМ, КАРБОНАД ТЕМПУРА, ЗАП ЭБИ ТОМАГО, ЗАП КАППА.","ГОРЯЧИЙ КРАБ, РОЛЛ С ЛОСОСЕМ, ЛАВА С ЛОСОСЕМ, КАРБОНАД ТЕМПУРА, ЗАП ЭБИ ТОМАГО, ЗАП КАППА","Временное описание, собрано автоматически из menu-master.csv / ТТК."
021,сет ФИЛАДЕЛЬФИЯ,Сеты,1999,,"В набор входят: ЛАЙТ ФИЛАДЕЛЬФИЯ, ЛАЙТ ФИЛАДЕЛЬФИЯ С ОГУРЦОМ, vСG VКkРGЕq5ВmЕEТ6КEQАKМИ, филадельфия С ЧУКОЙ И КРАБОМ.","ЛАЙТ ФИЛАДЕЛЬФИЯ, ЛАЙТ ФИЛАДЕЛЬФИЯ С ОГУРЦОМ, vСG VКkРGЕq5ВmЕEТ6КEQАKМИ, филадельфия С ЧУКОЙ И КРАБОМ","Временное описание, собрано автоматически из menu-master.csv / ТТК."
026,сет ГАВАЙИ,Сеты,3429,,"В набор входят: КАЛИФОРНИЯ С ЛОСОСЕМ, СЛИВОЧНЫЙ ШИИТАКЕ С ЧУКОЙ, КАНАДА ВИП, филадельфия ДВОЙНОЙ СЫР, филадельфия КЛАССИЧЕСКАЯ.","КАЛИФОРНИЯ С ЛОСОСЕМ, СЛИВОЧНЫЙ ШИИТАКЕ С ЧУКОЙ, КАНАДА ВИП, филадельфия ДВОЙНОЙ СЫР, филадельфия КЛАССИЧЕСКАЯ","Временное описание, собрано автоматически из menu-master.csv / ТТК."
027,сет ФИЛАДЕЛЬФИЯ БИГ,Сеты,3809,,"В набор входят: БЕЛАЯ ФИЛАДЕЛЬФИЯ, филадельфия ДВОЙНОЙ СЫР, КАНАДА ВИП, ЛАЙТ ФИЛАДЕЛЬФИЯ С ОГУРЦОМ, филадельфия ТОБИКО.","БЕЛАЯ ФИЛАДЕЛЬФИЯ, филадельфия ДВОЙНОЙ СЫР, КАНАДА ВИП, ЛАЙТ ФИЛАДЕЛЬФИЯ С ОГУРЦОМ, филадельфия ТОБИКО","Временное описание, собрано автоматически из menu-master.csv / ТТК."
423,запечённый двойной эби томаго,Запечённые и жареные роллы,598,,"Состав: ДВЕ ПОРЦИИ ПО РОЛЛА, омлет, соус лава, соус устричный.",ДВЕ ПОРЦИИ ПО 6ШТ РОЛЛА; нори 2/3; рис 100г; омлет 10г; соус лава 30г; соус устричный 6г; кунжут чб 4г,"Временное описание, собрано автоматически из menu-master.csv / ТТК."
412,запечённый Цезарь Делюкс,Запечённые и жареные роллы,399,,"Состав: омлет, помидоры, краб.палочка, шиитаке.","нори 1/2; рис 130г; омлет 10г; помидоры 20г; краб.палочка 10г; шиитаке 10г; соус цезарь 40г; моцарелла 20г (натереть и сверху посыпать); (запекаем вместе с моцареллой); на готовый ореховый соус точкой; кунжут чб; микрозелень ""горошек""","Временное описание, собрано автоматически из menu-master.csv / ТТК."
405,Запеченный Бонито,Запечённые и жареные роллы,439,,"Состав: лосось филе, огурец, сыр сливочный, стружка тунца.",нори 1/2; рис 130г; лосось филе 20г; огурец 20г; сыр сливочный 20г; стружка тунца 5г; сырный д/зап 45г; соус унаги 5г,"Временное описание, собрано автоматически из menu-master.csv / ТТК."
366,Запеченный ЧИКЕН,Запечённые и жареные роллы,499,,"Состав: сыр сливочный, огурец, помидор, кура.",нори 1/2; рис 130г; сыр сливочный 20г; огурец 15г; помидор 15г; кура 20г; кунжут белый на 2 стороны; сырный д/зап 40г; соус унаги 8г; микрозелень горох 4шт (разрезать напополам),"Временное описание, собрано автоматически из menu-master.csv / ТТК."
411,Запечённый цезарь,Запечённые и жареные роллы,379,,"Состав: сыр сливочный, кура, салат айсберг, помидор.",нори 1/2; рис 130г; сыр сливочный 10г; кура 20г; салат айсберг 15г; помидор 15г; соус цезарь 40г; пармезан 5г,"Временное описание, собрано автоматически из menu-master.csv / ТТК."
059,запечённый ТЕРИЯ́КИ,Запечённые и жареные роллы,269,,"Состав: лосось терияки, сырный д/зап, соус спайси, кунжут чб.",нори 2/3; рис 100г; лосось терияки 15г; сырный д/зап 30г; соус спайси 5г; кунжут чб 4г,"Временное описание, собрано автоматически из menu-master.csv / ТТК."
063,запечённый С ЛОСОСЕМ,Запечённые и жареные роллы,299,,"Состав: сыр сливочный, сырный д/зап, соус терияки, кунжут чб.",нори 2/3; рис 100г; сыр сливочный 10г; сырный д/зап 30г; соус терияки 6г; кунжут чб 4г,"Временное описание, собрано автоматически из menu-master.csv / ТТК."
010,запечённый С КУРОЙ,Запечённые и жареные роллы,249,,"Состав: кура, кунжут чб, соус барбекю, соус сырный.",нори 2/3; рис 100г; кура 20г; кунжут чб 4г; соус барбекю 6г; соус сырный 30г,"Временное описание, собрано автоматически из menu-master.csv / ТТК."
081,ГОРЯЧИЙ САЛЬМОН СКИН,Запечённые и жареные роллы,259,,"Состав: кожа в кляре, сыр сливочный, лук зеленый.",нори 1/2; рис 110г; кожа в кляре 25г; сыр сливочный 20г; лук зеленый 10г,"Временное описание, собрано автоматически из menu-master.csv / ТТК."
083,ГОРЯЧАЯ КУРИЦА В ТОРТИЛЬЕ,Запечённые и жареные роллы,289,,"Состав: тортилья, лук зеленый, кура, сыр сливочный.",тортилья 1 шт; лук зеленый 10г; кура 25г; сыр сливочный 50г,"Временное описание, собрано автоматически из menu-master.csv / ТТК."
052,ГОРЯЧИЙ ЭБИ,Запечённые и жареные роллы,299,,"Состав: креветки, чука, соус ореховый.",нори 1/2; рис 110г; креветки (отв) 15г; чука 15г; соус ореховый 10г,"Временное описание, собрано автоматически из menu-master.csv / ТТК."
084,ГОРЯЧАЯ КУРИЦА С СЫРОМ,Запечённые и жареные роллы,279,,"Состав: кура, сыр сливочный, имбирь.",нори 1/2; рис 110г; кура 25г; сыр сливочный 20г; имбирь 10г,"Временное описание, собрано автоматически из menu-master.csv / ТТК."
082,ГОРЯЧИЙ ОСТРЫЙ КРАБ,Запечённые и жареные роллы,279,,"Состав: огурец, соус спайси круг.",нори 1/2; рис 110г; огурец 15г; соус спайси круг 20г,"Временное описание, собрано автоматически из menu-master.csv / ТТК."
077,ГОРЯЧИЙ КРАБ,Запечённые и жареные роллы,285,,"Состав: крабовые палочки, лук зеленый, сыр сливочный.",нори 1/2; рис 110г; крабовые палочки 25г; лук зеленый 10г; сыр сливочный 20г,"Временное описание, собрано автоматически из menu-master.csv / ТТК."
080,ГОРЯЧИЙ БАРБЕКЮ,Запечённые и жареные роллы,289,,"Состав: огурец, кура, помидор, соус барбекю круг.",нори 1/2; рис 110г; огурец 10г; кура 20г; помидор 10г; соус барбекю круг 20г,"Временное описание, собрано автоматически из menu-master.csv / ТТК."
334,ЗАПЕЧЕННАЯ ФИЛАДЕЛЬФИЯ,Запечённые и жареные роллы,899,,"Состав: сыр сливочный, лосось филе, сырный д/зап, соус унаги.",нори 1/2; рис 110г; сыр сливочный 60г; лосось филе 80г; сырный д/зап 40г; соус унаги 10г,"Временное описание, собрано автоматически из menu-master.csv / ТТК."
043,ГОРЯЧИЙ САЛЬМОН ТЕРИЯКИ,Запечённые и жареные роллы,325,,"Состав: салат пекинский, лосось терияки, сыр сливочный, соус спайси круг.",нори 1/2; рис 110г; салат пекинский 10г; лосось терияки 20г; сыр сливочный 20г; соус спайси круг 20г,"Временное описание, собрано автоматически из menu-master.csv / ТТК."
075,ГОРЯЧИЙ ЧИКЕН,Запечённые и жареные роллы,279,,"Состав: кура, помидор, сыр сливочный.",нори 1/2; рис 110г; кура 20г; помидор 20г; сыр сливочный 20г,"Временное описание, собрано автоматически из menu-master.csv / ТТК."
315,Горячий с КРЕВЕТКАМИ,Запечённые и жареные роллы,369,,"Состав: омлет, масаго, креветки, соус лава.",нори 1/2; рис 110г; омлет 20г; масаго 5г; креветки (отв) 20г; соус лава 30г; соус устричный 5г,"Временное описание, собрано автоматически из menu-master.csv / ТТК."
031,Запечённый кура-шиитаке,Запечённые и жареные роллы,259,,"Состав: шиитаке, соус сырный, соус барбекю, кунжут чб.",нори 2/3; рис 100г; шиитаке 10г; соус сырный 30г; соус барбекю 6г; кунжут чб 4г,"Временное описание, собрано автоматически из menu-master.csv / ТТК."
030,Запечённый каппа,Запечённые и жареные роллы,219,,"Состав: огурец, сырный д/зап, соус унаги, кунжут чб.",нори 2/3; рис 100г; огурец 15г; сырный д/зап 30г; соус унаги 6г; кунжут чб 4г,"Временное описание, собрано автоматически из menu-master.csv / ТТК."
032,Запечённый эби томаго,Запечённые и жареные роллы,299,,"Состав: креветки, соус лава, соус устричный, кунжут чб.",нори 2/3; рис 100г; креветки (отв) 10г; соус лава 30г; соус устричный 6г; кунжут чб 4г,"Временное описание, собрано автоматически из menu-master.csv / ТТК."
033,Корейский темпура,Запечённые и жареные роллы,289,,"Состав: помидор, кура, сыр сливочный, соус барбекю.",нори 2/3; рис 110г; помидор 10г; кура 20г; сыр сливочный 20г; соус барбекю 8г,"Временное описание, собрано автоматически из menu-master.csv / ТТК."
034,Кани темпура,Запечённые и жареные роллы,285,,"Состав: огурец, крабовые палочки, майонез, сыр сливочный.",нори 1/2; рис 110г; огурец 20г; крабовые палочки 25г; майонез (78%) 25г; сыр сливочный 20г; соус устричный 5г; кунжут чб 5г,"Временное описание, собрано автоматически из menu-master.csv / ТТК."
035,Карбонад темпура,Запечённые и жареные роллы,289,,"Состав: лук зеленый, сыр сливочный.",нори 1/2; рис 110г; лук зеленый 5г; сыр сливочный 30г,"Временное описание, собрано автоматически из menu-master.csv / ТТК."
036,Краб темпура,Запечённые и жареные роллы,285,,"Состав: кунжут чб, соус лава, лук зеленый, крабовые палочки.",нори 1/2; рис 110г; кунжут чб 2г; соус лава 40г; лук зеленый 5г; крабовые палочки 25г; сыр сливочный 20г,"Временное описание, собрано автоматически из menu-master.csv / ТТК."
037,Филадельфия темпура,Запечённые и жареные роллы,395,,"Состав: сыр сливочный, огурец, лосось филе, соус унаги.",нори 1/2; рис 110г; сыр сливочный 30г; огурец 15г; лосось филе 25г; соус унаги 8г,"Временное описание, собрано автоматически из menu-master.csv / ТТК."
359,ОНИГИРИ С ЛОСОСЕМ,Суши и хенд-роллы,269,,"Состав: нори 1, рис +, наклейка 1, сыр сливочный.",нори (для онигири) 1; рис 60г + 20г; наклейка (с любовью) 1; сыр сливочный 5г; лосось филе 15г,"Временное описание, собрано автоматически из menu-master.csv / ТТК."
358,ОНИГИРИ С ЛОСОСЕМ ТЕРИЯКИ,Суши и хенд-роллы,255,,"Состав: нори 1, рис +, наклейка 1, лосось терияки.",нори (для онигири) 1; рис 60г + 20г; наклейка (с любовью) 1; лосось терияки 20г; лук зеленый 5г,"Временное описание, собрано автоматически из menu-master.csv / ТТК."
367,ОНИГИРИ С КРАБОМ,Суши и хенд-роллы,149,,"Состав: нори 1, рис +, огурец, крабовые палочки.",нори (для онигири) 1; рис 60г + 20г; огурец 10г; крабовые палочки 10г; майонез (67%) 5г,"Временное описание, собрано автоматически из menu-master.csv / ТТК."
356,ОНИГИРИ С КУРИЦЕЙ,Суши и хенд-роллы,149,,"Состав: нори 1, рис +, наклейка 1, огурец.",нори (для онигири) 1; рис 60г + 20г; наклейка (с любовью) 1; огурец 15г; кура 15г,"Временное описание, собрано автоматически из menu-master.csv / ТТК."
309,Гункан Краб спайси,Суши и хенд-роллы,79,,"Состав: нори 0,25, крабовые палочки, соус спайси.","нори 0,25; рис 20г; крабовые палочки 15г; соус спайси 3г","Временное описание, собрано автоматически из menu-master.csv / ТТК."
314,Гункан Филадельфия,Суши и хенд-роллы,175,,"Состав: огурец, лосось филе.",рис 20г; огурец 15г; лосось филе 15г,"Временное описание, собрано автоматически из menu-master.csv / ТТК."
311,Гункан Тобико,Суши и хенд-роллы,199,,"Состав: нори 0,25, тобико.","нори 0,25; рис 20г; тобико 15г","Временное описание, собрано автоматически из menu-master.csv / ТТК."
310,Гункан Икура,Суши и хенд-роллы,109,,"Состав: нори 0,25, икра лососевая.","нори 0,25; рис 20г; икра лососевая 15г","Временное описание, собрано автоматически из menu-master.csv / ТТК."
307,Гункан Лосось спайси,Суши и хенд-роллы,155,,"Состав: нори 0,25, соус спайси, лосось филе.","нори 0,25; рис 20г; соус спайси 3г; лосось филе 15г","Временное описание, собрано автоматически из menu-master.csv / ТТК."
313,Гункан Угорь спайси,Суши и хенд-роллы,165,,"Состав: нори 0,25, соус спайси, угорь.","нори 0,25; рис 20г; соус спайси 3г; угорь 15г","Временное описание, собрано автоматически из menu-master.csv / ТТК."
312,Гункан Тунец спайси,Суши и хенд-роллы,99,,"Состав: нори 0,25, тунец, соус спайси.","нори 0,25; рис 20г; тунец 15г; соус спайси 3г","Временное описание, собрано автоматически из menu-master.csv / ТТК."
308,Гункан Креветка спайси,Суши и хенд-роллы,119,,"Состав: нори 0,25, соус спайси, креветки.","нори 0,25; рис 20г; соус спайси 3г; креветки (отв) 15г","Временное описание, собрано автоматически из menu-master.csv / ТТК."
035,гункан С ЛОСОСЕМ,Суши и хенд-роллы,155,,"Состав: нори 0,25, лосось филе.","нори 0,25; рис 20г; лосось филе 15г","Временное описание, собрано автоматически из menu-master.csv / ТТК."
034,гункан С УГРЁМ,Суши и хенд-роллы,159,,"Состав: нори 0,25, угорь, соус унаги, кунжут ч/б.","нори 0,25; рис 20г; угорь 15г; соус унаги 5г; кунжут ч/б 2г","Временное описание, собрано автоматически из menu-master.csv / ТТК."
033,гункан С ТУНЦОМ,Суши и хенд-роллы,99,,"Состав: нори 0,25, тунец.","нори 0,25; рис 20г; тунец 15г","Временное описание, собрано автоматически из menu-master.csv / ТТК."
032,гункан С КРЕВЕТКОЙ,Суши и хенд-роллы,119,,"Состав: нори 0,25, креветки.","нори 0,25; рис 20г; креветки (отв) 15г","Временное описание, собрано автоматически из menu-master.csv / ТТК."
031,суши С ЛОСОСЕМ,Суши и хенд-роллы,155,,"Состав: сыр сливочный, лосось филе.",рис 20г; сыр сливочный 5г; лосось филе 15г,"Временное описание, собрано автоматически из menu-master.csv / ТТК."
030,суши С УГРЁМ,Суши и хенд-роллы,155,,"Состав: нори 0,125, кунжут чб, соус унаги.","нори 0,125; рис 20г; кунжут чб 1г; соус унаги 3г","Временное описание, собрано автоматически из menu-master.csv / ТТК."
029,суши С ТУНЦОМ,Суши и хенд-роллы,99,,"Состав: нори 0,125, сыр сливочный, тунец.","нори 0,125; рис 20г; сыр сливочный 5г; тунец 15г","Временное описание, собрано автоматически из menu-master.csv / ТТК."
028,суши С КРЕВЕТКОЙ,Суши и хенд-роллы,119,,"Состав: креветки, сыр сливочный.",рис 20г; креветки (отв) 15г; сыр сливочный 5г,"Временное описание, собрано автоматически из menu-master.csv / ТТК."
210,хенд ролл Тунец,Суши и хенд-роллы,219,,"Состав: тунец, соус устричный.",нори 2/3; рис 130г; тунец 30г; соус устричный 5г,"Временное описание, собрано автоматически из menu-master.csv / ТТК."
209,хенд ролл лава-Краб,Суши и хенд-роллы,189,,"Состав: соус лава, крабовые палочки, огурец.",нори 2/3; рис 130г; соус лава 15г; крабовые палочки 20г; огурец 15г,"Временное описание, собрано автоматически из menu-master.csv / ТТК."
208,хенд ролл Кура с корейской морковью,Суши и хенд-роллы,189,,"Состав: кура, морковь корейская, сыр сливочный.",нори 2/3; рис 130г; кура 20г; морковь корейская 10г; сыр сливочный 10г,"Временное описание, собрано автоматически из menu-master.csv / ТТК."
207,хенд ролл Лосось,Суши и хенд-роллы,269,,"Состав: сыр сливочный, огурец, лук зеленый.",нори 2/3; рис 130г; сыр сливочный 20г; огурец 20г; лук зеленый 5г,"Временное описание, собрано автоматически из menu-master.csv / ТТК."
645,ролл Манго-Лепесток,Роллы,799,,"Состав: сыр сливочный, авокадо, манго - на 3 стороны толстый слой, унаги соус не густой зигзаг.",нори 1/2; рис 130г; сыр сливочный 40г; авокадо 15г; манго - на 3 стороны толстый слой; унаги соус не густой зигзаг; икра тобико поверх унаги соуса; посыпать микрозеленью,"Временное описание, собрано автоматически из menu-master.csv / ТТК."
410,Цезарь,Роллы,379,,"Состав: помидор, кура, сыр сливочный, салат айсберг.",нори 1/2; рис 130г; помидор 15г; кура 20г; сыр сливочный 10г; салат айсберг 15г; соус цезарь 15г; пармезан 5г,"Временное описание, собрано автоматически из menu-master.csv / ТТК."
407,Лава с шиитаке,Роллы,299,,"Состав: сыр сливочный, шиитаке, соус лава, кунжут чб.",нори 1/2; рис 130г; сыр сливочный 20г; шиитаке 20г; соус лава 40г; кунжут чб 5г,"Временное описание, собрано автоматически из menu-master.csv / ТТК."
024,Сливочный шиитаке,Роллы,229,,"Состав: сыр сливочный, кунжут чб.",нори 1/2; рис 130г; сыр сливочный 40г; кунжут чб 12г,"Временное описание, собрано автоматически из menu-master.csv / ТТК."
023,КАППА - ИРИ,Роллы,189,,"Состав: огурец, кунжут белый.",нори 1/2; рис 130г; огурец 20г; кунжут белый 15г,"Временное описание, собрано автоматически из menu-master.csv / ТТК."
046,Тортилья с курицей,Роллы,309,,"Состав: тортилья 1, велес карбонад, кура жареная, помидор.",тортилья (10д) 1; велес карбонад 20г; кура жареная 20г; помидор 15г; огурец 20г; сыр сливочный 40г,"Временное описание, собрано автоматически из menu-master.csv / ТТК."
020,Ред модель,Роллы,208,,"Состав: крабовые палочки, огурец, омлет, соус лава.",нори 1/2; рис 130г; крабовые палочки 20г; огурец 20г; омлет 10г; соус лава 40г,"Временное описание, собрано автоматически из menu-master.csv / ТТК."
043,Ямайка,Роллы,259,,"Состав: чука, крабовые палочки, кунжут чб, соус ореховый.",нори 1/2; рис 130г; чука 15г; крабовые палочки 30г; кунжут чб 8г; соус ореховый 10г,"Временное описание, собрано автоматически из menu-master.csv / ТТК."
040,Томато маки,Роллы,199,,"Состав: сыр сливочный, икра лососевая.",нори 2/3; рис 120г; сыр сливочный 30г; икра лососевая 8г,"Временное описание, собрано автоматически из menu-master.csv / ТТК."
041,Санрайз,Роллы,199,,"Состав: рис 120, кура, морковь корейская, сыр сливочный.",нори 2/3; рис 120; кура 20г; морковь корейская 10г; сыр сливочный 30г; соус чили сладкий 5г,"Временное описание, собрано автоматически из menu-master.csv / ТТК."
038,Каппа хосомаки,Роллы,199,,"Состав: огурец, сыр сливочный на, соус унаги на сыр, майонез на.",нори 2/3; рис 120г; огурец 30г; сыр сливочный на 4шт 10г; соус унаги на сыр 3г; майонез (67%) на 4шт 5г; кунжут чб 5г,"Временное описание, собрано автоматически из menu-master.csv / ТТК."
039,Сливочный огурец,Роллы,199,,"Состав: сыр сливочный, соус унаги.",нори 2/3; рис 120г; сыр сливочный 30г; соус унаги 5г,"Временное описание, собрано автоматически из menu-master.csv / ТТК."
003,Греческий,Роллы,279,,"Состав: салат пекинский, перец болгарский, р1, огурец.",нори 1/2; рис 130г; салат пекинский 10г; перец болгарский 10г; р1; огурец 15г; петрушка 15г; маслины 10г,"Временное описание, собрано автоматически из menu-master.csv / ТТК."
316,Сливочный масаго,Роллы,225,,"Состав: омлет, сыр сливочный, масаго на 1 сторону, соус устричный.",нори 1/2; рис 130г; омлет 20г; сыр сливочный 20г; масаго на 1 сторону 15г; соус устричный 5г,"Временное описание, собрано автоматически из menu-master.csv / ТТК."
011,Я́КУ,Роллы,209,,"Состав: сыр сливочный, омлет, помидор, кура.",нори 1/2; рис 130г; сыр сливочный 20г; омлет 10г; помидор 10г; кура 20г; кунжут белый 12г; соус сырный 8г,"Временное описание, собрано автоматически из menu-master.csv / ТТК."
015,Чикен маки,Роллы,199,,"Состав: огурец, помидор, кура, соус барбекю.",нори 2/3; рис 120г; огурец 10г; помидор 10г; кура 20г; соус барбекю 8г,"Временное описание, собрано автоматически из menu-master.csv / ТТК."
008,Фудзияма,Роллы,299,,"Состав: огурец, кура жареная, р1, кунжут чб.",нори 1/2; рис 130г; огурец 20г; кура жареная 25г; р1; кунжут чб 12г; сыр сливочный 40г; соус унаги 8г,"Временное описание, собрано автоматически из menu-master.csv / ТТК."
026,Торнадо,Роллы,275,,"Состав: сыр сливочный, лосось терияки, нори нарезка на 4 стороны, соус спайси.",нори 1/2; рис 130г; сыр сливочный 20г; лосось терияки 20г; нори нарезка на 4 стороны; соус спайси 5г,"Временное описание, собрано автоматически из menu-master.csv / ТТК."
044,Сакура,Роллы,229,,"Состав: крабовые палочки, омлет, огурец, сыр сливочный.",нори 1/2; рис 130г; крабовые палочки 20г; омлет 10г; огурец 10г; сыр сливочный 20г; соус лава 40г; лук зеленый перо 5г,"Временное описание, собрано автоматически из menu-master.csv / ТТК."
051,Кани икура,Роллы,259,,"Состав: крабовые палочки, нори нарезка на 4 стороны, сыр сливочный, масаго.",нори 1/2; рис 130г; крабовые палочки 20г; нори нарезка на 4 стороны; сыр сливочный 40г; масаго 5г,"Временное описание, собрано автоматически из menu-master.csv / ТТК."
021,Тортилья кай,Роллы,179,,"Состав: тортилья, кура, помидор.",тортилья 1 шт; кура 20г; помидор 15г,"Временное описание, собрано автоматически из menu-master.csv / ТТК."
013,Сливочный спайси,Роллы,295,,"Состав: сыр сливочный, огурец, омлет, кура жареная.",нори 1/2; рис 130г; сыр сливочный 10г; огурец 15г; омлет 15г; кура жареная 20г; соус спайси 15г; сыр сливочный 30г,"Временное описание, собрано автоматически из menu-master.csv / ТТК."
053,Ролл с лососем,Роллы,369,,"Состав: сыр сливочный на, икра лососевая.",нори 2/3; рис 120г; сыр сливочный 20г на 4 шт; икра лососевая 2г,"Временное описание, собрано автоматически из menu-master.csv / ТТК."
044,Чикен лава,Роллы,279,,"Состав: сыр сливочный, огурец, кура, соус лава.",нори 1/2; рис 130г; сыр сливочный 20г; огурец 20г; кура 25г; соус лава 40г; кунжут чб 4г; соус унаги 5г,"Временное описание, собрано автоматически из menu-master.csv / ТТК."
064,МАКИ УГОРЬ,Роллы,239,,"Состав: сыр сливочный, угорь, соус унаги, кунжут чб.",нори 2/3; рис 120г; сыр сливочный 10г; угорь 15г; соус унаги 8г; кунжут чб 4г,"Временное описание, собрано автоматически из menu-master.csv / ТТК."
055,МАКИ ТУНЕЦ,Роллы,199,,Состав: тунец.,нори 2/3; рис 120г; тунец 20г,"Временное описание, собрано автоматически из menu-master.csv / ТТК."
068,Маки креветка,Роллы,209,,"Состав: сыр сливочный, креветки.",нори 2/3; рис 120г; сыр сливочный 15г; креветки (отв) 15г,"Временное описание, собрано автоматически из menu-master.csv / ТТК."
065,Лава с лососем терияки,Роллы,289,,"Состав: лосось терияки, соус лава.",нори 1/2; рис 130г; лосось терияки 20г; соус лава 40г,"Временное описание, собрано автоматически из menu-master.csv / ТТК."
006,Маки краб,Роллы,205,,"Состав: крабовые палочки, огурец, соус лава.",нори 2/3; рис 120г; крабовые палочки 20г; огурец 10г; соус лава 20г,"Временное описание, собрано автоматически из menu-master.csv / ТТК."
042,Креветка-омлет,Роллы,299,,"Состав: креветки, омлет, сыр сливочный по бокам, огурец.",нори 1/2; рис 130г; креветки (отв) 20г; омлет 10г; сыр сливочный по бокам 10г; огурец 30г; соус устричный 8г,"Временное описание, собрано автоматически из menu-master.csv / ТТК."
057,ФИЛАДЕЛЬФИЯ В КУНЖУТЕ,Роллы,325,,"Состав: сыр сливочный, лосось филе, огурец, кунжут белый.",нори 1/2; рис 130г; сыр сливочный 20г; лосось филе 20г; огурец 20г; кунжут белый 15г,"Временное описание, собрано автоматически из menu-master.csv / ТТК."
053,КАТАНА,Роллы,415,,"Состав: сыр сливочный, о5, помидор, огурец.",нори 1/2; рис 130г; сыр сливочный 20г; о5; помидор 15г; огурец 15г; лосось филе 30г,"Временное описание, собрано автоматически из menu-master.csv / ТТК."
062,ТОЯМА,Роллы,445,,"Состав: огурец, лук зеленый, сыр сливочный, лосось филе.",нори 1/2; рис 130г; огурец 20г; лук зеленый 8г; сыр сливочный 30г; лосось филе 30г; соус чили сладкий 8г; кунжут чб 4г,"Временное описание, собрано автоматически из menu-master.csv / ТТК."
072,Лава с лососем и огуцом,Роллы,369,,"Состав: сыр сливочный, огурец, лосось филе, соус лава.",нори 1/2; рис 130г; сыр сливочный 20г; огурец 20г; лосось филе 20г; соус лава 40г,"Временное описание, собрано автоматически из menu-master.csv / ТТК."
325,Тортилья ЕвгеШОК🔥,Роллы,349,,"Состав: велес карбонад, тортилья 1, соус лава, табаджан.",велес карбонад 20г; тортилья 1; соус лава 40г; табаджан 10г; огурец 15г; помидор 15г; халапеньо 10г,"Временное описание, собрано автоматически из menu-master.csv / ТТК."
333,ЛАВА С КРЕВЕТКАМИ,Роллы,349,,"Состав: креветки, соус лава.",нори 1/2; рис 130г; креветки (отв) 20г; соус лава 40г,"Временное описание, собрано автоматически из menu-master.csv / ТТК."
324,тортилья с лососем,Роллы,399,,"Состав: тортилья 1, лосось филе, огурец, сыр сливочный.",тортилья (10д) 1; лосось филе 20г; огурец 20г; сыр сливочный 40г,"Временное описание, собрано автоматически из menu-master.csv / ТТК."
317,филадельфия круглая,Роллы,789,,"Состав: сыр сливочный, лосось филе.",нори 1/2; рис 110г; сыр сливочный 60г; лосось филе 80г,"Временное описание, собрано автоматически из menu-master.csv / ТТК."
095,Филадельфия классическая с огурцом,Роллы,649,,"Состав: огурец, сыр сливочный, лосось филе, сыр сливочный 4 цв.",нори 1/2; рис 130г; огурец 20г; сыр сливочный 60г; лосось филе 60г; сыр сливочный 4 цв 15г; икра лососевая 2г; лимон 4г,"Временное описание, собрано автоматически из menu-master.csv / ТТК."
085,Лайт филадельфия,Роллы,439,,"Состав: сыр сливочный, лосось филе.",нори 1/2; рис 130г; сыр сливочный 70г; лосось филе 30г,"Временное описание, собрано автоматически из menu-master.csv / ТТК."
086,Лайт филадельфия с огурцом,Роллы,429,,"Состав: сыр сливочный, лосось филе.",нори 1/2; рис 130г; сыр сливочный 50г; лосось филе 30г,"Временное описание, собрано автоматически из menu-master.csv / ТТК."
087,Филадельфия лайт с креветками,Роллы,489,,"Состав: креветки, лосось филе.",нори 1/2; рис 130г; креветки (отв) 20г; лосось филе 30г,"Временное описание, собрано автоматически из menu-master.csv / ТТК."
088,Филадельфия с чукой и крабом,Роллы,459,,"Состав: сыр сливочный, крабовые палочки, лосось филе, чука.",нори 1/2; рис 130г; сыр сливочный 40г; крабовые палочки 30г; лосось филе 30г; чука 10г; соус ореховый 5г,"Временное описание, собрано автоматически из menu-master.csv / ТТК."
089,Калифорния классическая,Роллы,339,,"Состав: майонез, огурец, краб, тобико на 3 стороны.",нори 1/2; рис 130г; майонез 10г; огурец 20г; краб 25г; тобико на 3 стороны 15г,"Временное описание, собрано автоматически из menu-master.csv / ТТК."
090,Филадельфия тобико,Роллы,459,,"Состав: сыр сливочный, лосось филе, тобико, соус унаги.",нори 1/2; рис 130г; сыр сливочный 60г; лосось филе 20г; тобико 10г; соус унаги 5г,"Временное описание, собрано автоматически из menu-master.csv / ТТК."
091,Снежный краб,Роллы,419,,"Состав: крабовые палочки, тобико, сыр сливочный, соус устричный.",нори 1/2; рис 130г; крабовые палочки 30г; тобико 15г; сыр сливочный 40г; соус устричный 5г,"Временное описание, собрано автоматически из menu-master.csv / ТТК."
092,Белая филадельфия,Роллы,479,,"Состав: сыр сливочный, лосось филе, икра лососевая.",нори 1/2; рис 130г; сыр сливочный 30г; лосось филе 30г; сыр сливочный 40г; икра лососевая 5г,"Временное описание, собрано автоматически из menu-master.csv / ТТК."
093,Калифорния с лососем,Роллы,589,,"Состав: огурец, майонез, авокадо, тобико на 3 стороны.",нори 1/2; рис 130г; огурец 15г; майонез (67%) 10г; авокадо 15г; тобико на 3 стороны 15г,"Временное описание, собрано автоматически из menu-master.csv / ТТК."
094,Изуми,Роллы,489,,"Состав: сыр сливочный, креветки, омлет, тобико на 3 стороны.",нори 1/2; рис 130г; сыр сливочный 20г; креветки (отв) 20г; омлет 20г; тобико на 3 стороны 15г; соус лава 40г; соус устричный 5г,"Временное описание, собрано автоматически из menu-master.csv / ТТК."
067,Филадельфия классическая,Роллы,629,,"Состав: сыр сливочный, лосось филе, икра лососевая на 2 цв, лимон на 2 цв.",нори 1/2; рис 130г; сыр сливочный 80г; лосось филе 60г; сыр сливочный 15г; икра лососевая 2г на 2 цв; лимон 4г на 2 цв,"Временное описание, собрано автоматически из menu-master.csv / ТТК."
066,Филадельфия эби,Роллы,689,,"Состав: сыр сливочный, креветки, лук зеленый, лосось филе.",нори 1/2; рис 130г; сыр сливочный 40г; креветки (отв) 15г; лук зеленый 5г; лосось филе 60г; соус устричный 8г; кунжут чб 5г,"Временное описание, собрано автоматически из menu-master.csv / ТТК."
069,Филадельфия тунец,Роллы,609,,"Состав: сыр сливочный, тунец, соус спайси, лук зеленый.",нори 1/2; рис 130г; сыр сливочный 60г; тунец 60г; соус спайси 5г; лук зеленый 8г,"Временное описание, собрано автоматически из menu-master.csv / ТТК."
070,Филадельфия двойной сыр,Роллы,799,,"Состав: огурец, сыр сливочный, лосось филе, икра лососевая.",нори 1/2; рис 110г; огурец 20г; сыр сливочный 45г; лосось филе 80г; сыр сливочный 30г; икра лососевая 12г; лимон 8г,"Временное описание, собрано автоматически из menu-master.csv / ТТК."
071,Канада ВИП,Роллы,699,,"Состав: лосось филе, сыр сливочный, угорь, кунжут чб.",нори 1/2; рис 130г; лосось филе 15г; сыр сливочный 30г; сыр сливочный 10г; угорь 40г; кунжут чб 5г; соус унаги 15г,"Временное описание, собрано автоматически из menu-master.csv / ТТК."
300,ФИЛАДЕЛЬФИЯ С ИКРОЙ ЛОСОСЯ,Роллы,1077,,"Состав: лосось филе, икра лососевая.",нори 1/2; рис 110г; лосось филе 80г; икра лососевая 30г,"Временное описание, собрано автоматически из menu-master.csv / ТТК."
042,Каваи,Роллы,279,,"Состав: огурец, майонез, крабовые палочки, кунжут белый.",нори 1/2; рис 130г; огурец 20г; майонез (67%) 10г; крабовые палочки 40г; кунжут белый 15г; сыр сливочный 30г; соус унаги 10г,"Временное описание, собрано автоматически из menu-master.csv / ТТК."
045,Киото,Роллы,279,,"Состав: сыр сливочный, кура, лук жаренный, соус барбекю.",нори 1/2; рис 130г; сыр сливочный 40г; кура 25г; лук жаренный 15г; соус барбекю 15г,"Временное описание, собрано автоматически из menu-master.csv / ТТК."
054,Сливочный шиитаке с чукой,Роллы,279,,"Состав: сыр сливочный, кунжут чб, чука, соус ореховый.",нори 1/2; рис 130г; сыр сливочный 40г; кунжут чб 4г; чука 20г; соус ореховый 5г,"Временное описание, собрано автоматически из menu-master.csv / ТТК."
005,ВАСАБИ-КРАБ,Роллы,279,,"Состав: крабовые палочки, сыр сливочный, васаби, соус лава.",нори 1/2; рис 130г; крабовые палочки 20г; сыр сливочный 20г; васаби 10г; соус лава 40г,"Временное описание, собрано автоматически из menu-master.csv / ТТК."
050,Пан такуан,Роллы,299,,"Состав: сыр сливочный, огурец, 52, укроп.",нори 1/2; рис 130г; сыр сливочный 20г; огурец 20г; 52-05г; укроп 5г; сыр сливочный 10г; такуан 40г; соус спайси 5г,"Временное описание, собрано автоматически из menu-master.csv / ТТК."
052,Блэк,Роллы,329,,"Состав: лосось филе, салат пекинский, огурец, такуан.",нори 1/2; рис 130г; лосось филе 20г; салат пекинский 10г; огурец 15г; такуан 10г; сыр сливочный 20г; нарезка нори на 4 стороны,"Временное описание, собрано автоматически из menu-master.csv / ТТК."
051,Миссури,Роллы,339,,"Состав: лосось филе, огурец, сыр сливочный, лук жаренный.",нори 1/2; рис 130г; лосось филе 20г; огурец 20г; сыр сливочный 20г; лук жаренный 10г,"Временное описание, собрано автоматически из menu-master.csv / ТТК."
049,Чикен томаго,Роллы,289,,"Состав: кура, ц1, сыр сливочный, омлет.",нори 1/2; рис 130г; кура 25г; ц1; сыр сливочный 30г; сыр сливочный 15г; омлет 45г,"Временное описание, собрано автоматически из menu-master.csv / ТТК."
055,Лава с лососем,Роллы,369,,"Состав: лосось филе, сыр сливочный, соус лава.",нори 1/2; рис 130г; лосось филе 20г; сыр сливочный 40г; соус лава 40г,"Временное описание, собрано автоматически из menu-master.csv / ТТК."
,МОТИ в ассортименте,"Закуски, супы и десерты",219,,Описание временно не заполнено. Уточнить состав вручную.,,"Временное описание, собрано автоматически из menu-master.csv / ТТК."
,Тигровые креветки темпура,"Закуски, супы и десерты",369,,Описание временно не заполнено. Уточнить состав вручную.,,"Временное описание, собрано автоматически из menu-master.csv / ТТК."
349,Мисо суп с лососем,"Закуски, супы и десерты",349,,"Состав: вода, мисо паста светлая, мисо паста темная, лосось филе.",вода 260г; мисо паста светлая 10г; мисо паста темная 10г; лосось филе 40г; э1; хондаши 2г; соус устричный 10г; лук зеленый 5г; кунжут белый 5г,"Временное описание, собрано автоматически из menu-master.csv / ТТК."
335,Куриные кусочки,"Закуски, супы и десерты",249,,"Состав: фаст фуд бокс 11,5*7,5*4 1, куриные кусочки.","фаст фуд бокс 11,5*7,5*4 1; куриные кусочки 150г","Временное описание, собрано автоматически из menu-master.csv / ТТК."
319,Поке с лососем,"Закуски, супы и десерты",549,,"Состав: нори 0,125, соусник цельный 1, поке 750мл 1, лосось филе.","нори 0,125; рис 150г; соусник 50г цельный 1; поке 750мл (крафт) 1; лосось филе 40г; авокадо 15г; тобико 5г; чука 10г; лимон 5г; огурец 20г; соус ореховый 30г","Временное описание, собрано автоматически из menu-master.csv / ТТК."
152,КАРТОФЕЛЬ ФРИ,"Закуски, супы и десерты",160,,"Состав: фаст фуд бокс 11,5*7,5*4 1, картофель фри.","фаст фуд бокс 11,5*7,5*4 1; картофель фри 180г","Временное описание, собрано автоматически из menu-master.csv / ТТК."
154,"НАГГЕТСЫ, 6 шт.","Закуски, супы и десерты",185,,"Состав: фаст фуд бокс 11,5*7,5*4 1, наггетсы.","фаст фуд бокс 11,5*7,5*4 1; наггетсы 120г","Временное описание, собрано автоматически из menu-master.csv / ТТК."
155,КОМБО ФРИ + НАГГЕТСЫ,"Закуски, супы и десерты",319,,"Состав: КАРТОФЕЛЬ ФРИ 1, НАГГЕТСЫ, . 1.","(152) КАРТОФЕЛЬ ФРИ 1; (154) НАГГЕТСЫ, 6 шт. (ссл) 1","Временное описание, собрано автоматически из menu-master.csv / ТТК."
,ЧИЗКЕЙК с сиропом,"Закуски, супы и десерты",179,,Описание временно не заполнено. Уточнить состав вручную.,,"Временное описание, собрано автоматически из menu-master.csv / ТТК."
145,"Пицца ""Курочка с грибами"", 700гр, 30см",Пиццы,859,700,"Состав: тесто, соус фирменный, кура, шампиньоны жаренные.",тесто 300г; соус фирменный (д/пиццы) 80г; кура 100г; шампиньоны (конс) жаренные 100г; моцарелла 150г; пармезан 50г; на готовую; соус барбекю 30г,"Временное описание, собрано автоматически из menu-master.csv / ТТК."
,"Пицца ""Пепперони"" вес 690гр. 30 см",Пиццы,890,690,Описание временно не заполнено. Уточнить состав вручную.,,"Временное описание, собрано автоматически из menu-master.csv / ТТК."
,"Пицца ""Мясная"" вес 780гр. . 30см",Пиццы,890,780,Описание временно не заполнено. Уточнить состав вручную.,,"Временное описание, собрано автоматически из menu-master.csv / ТТК."
,"Пицца ""Маргарита"" вес 770гр. 30 см",Пиццы,859,770,Описание временно не заполнено. Уточнить состав вручную.,,"Временное описание, собрано автоматически из menu-master.csv / ТТК."
,"Пицца ""Морская"" вес 755гр. 30 см",Пиццы,999,755,Описание временно не заполнено. Уточнить состав вручную.,,"Временное описание, собрано автоматически из menu-master.csv / ТТК."
,"Пицца ""Грибная"" вес 750гр. 30см",Пиццы,859,750,Описание временно не заполнено. Уточнить состав вручную.,,"Временное описание, собрано автоматически из menu-master.csv / ТТК."
,"Пицца ""Гавайская"" вес 700гр. 30 см",Пиццы,859,700,Описание временно не заполнено. Уточнить состав вручную.,,"Временное описание, собрано автоматически из menu-master.csv / ТТК."
354,"БАБЛ МИЛК манго 0,5л",Напитки,349,,"Состав: молоко, мороженое, + если куплен сироп то его, шарики баббл 2 столовые ложки.",молоко 260г; мороженое 125г; + если куплен сироп то его 50гр; шарики баббл 2 столовые ложки,"Временное описание, собрано автоматически из menu-master.csv / ТТК."
353,"БАБЛ МИЛК манго 0,4л",Напитки,249,,"Состав: молоко, мороженое, + если куплен сироп то его, шарики баббл 1,5 столовых ложек.","молоко 220г; мороженое 100г; + если куплен сироп то его 40гр; шарики баббл 1,5 столовых ложек","Временное описание, собрано автоматически из menu-master.csv / ТТК."
352,"БАБЛ МИЛК манго 0,3л",Напитки,200,,"Состав: молоко, мороженое, + если куплен сироп то его, шарики баббл 1 столовая ложка.",молоко 180г; мороженое 75г; + если куплен сироп то его 30гр; шарики баббл 1 столовая ложка,"Временное описание, собрано автоматически из menu-master.csv / ТТК."
,"Морс клюквенный (0,33л)",Напитки,99,,Описание временно не заполнено. Уточнить состав вручную.,,"Временное описание, собрано автоматически из menu-master.csv / ТТК."
,"Кока кола, 0.5л",Напитки,99,,Описание временно не заполнено. Уточнить состав вручную.,,"Временное описание, собрано автоматически из menu-master.csv / ТТК."
,"Сок, 1л",Напитки,199,,Описание временно не заполнено. Уточнить состав вручную.,,"Временное описание, собрано автоматически из menu-master.csv / ТТК."
,ВКУСНЫЙ МОЛОЧНЫЙ КОКТЕЙЛЬ,Напитки,150,,Описание временно не заполнено. Уточнить состав вручную.,,"Временное описание, собрано автоматически из menu-master.csv / ТТК."
,"ЧУКА, 100г (водоросли)",Всё для суши и японской кухни,110,,Описание временно не заполнено. Уточнить состав вручную.,,"Временное описание, собрано автоматически из menu-master.csv / ТТК."
,ЛОСОСЬ ФИЛЕ СЛАБОСОЛЕНОЕ СТЕЙК ЗАМОР,Всё для суши и японской кухни,320,,Описание временно не заполнено. Уточнить состав вручную.,,"Временное описание, собрано автоматически из menu-master.csv / ТТК."
,Креветки тигровые размер 16/20,Всё для суши и японской кухни,210,,Описание временно не заполнено. Уточнить состав вручную.,,"Временное описание, собрано автоматически из menu-master.csv / ТТК."
,УГОРЬ ЖАРЕНЫЙ,Всё для суши и японской кухни,2799,,Описание временно не заполнено. Уточнить состав вручную.,,"Временное описание, собрано автоматически из menu-master.csv / ТТК."
,КРАБ СУРИМИ самые вкусные на рынке,Всё для суши и японской кухни,80,,Описание временно не заполнено. Уточнить состав вручную.,,"Временное описание, собрано автоматически из menu-master.csv / ТТК."
,СЫР СЛИВОЧНЫЙ,Всё для суши и японской кухни,80,,Описание временно не заполнено. Уточнить состав вручную.,,"Временное описание, собрано автоматически из menu-master.csv / ТТК."
,ТУНЕЦ,Всё для суши и японской кухни,120,,Описание временно не заполнено. Уточнить состав вручную.,,"Временное описание, собрано автоматически из menu-master.csv / ТТК."
,РИС ДЛЯ РОЛЛОВ ОТВАРНОЙ,Всё для суши и японской кухни,180,,Описание временно не заполнено. Уточнить состав вручную.,,"Временное описание, собрано автоматически из menu-master.csv / ТТК."
,ТОРТИЛЬЯ СЫРНАЯ ДЛЯ РОЛЛОВ,Всё для суши и японской кухни,30,,Описание временно не заполнено. Уточнить состав вручную.,,"Временное описание, собрано автоматически из menu-master.csv / ТТК."
,РИС ДЛЯ СУШИ 1 кг,Всё для суши и японской кухни,175,,Описание временно не заполнено. Уточнить состав вручную.,,"Временное описание, собрано автоматически из menu-master.csv / ТТК."
,СУХАРИ ПАНИРОВОЧНЫЕ ДЛЯ ГОРЯЧИХ РОЛЛ,Всё для суши и японской кухни,50,,Описание временно не заполнено. Уточнить состав вручную.,,"Временное описание, собрано автоматически из menu-master.csv / ТТК."
,МУКА ТЕМПУРНАЯ ДЛЯ ГОРЯЧИХ РОЛЛОВ,Всё для суши и японской кухни,50,,Описание временно не заполнено. Уточнить состав вручную.,,"Временное описание, собрано автоматически из menu-master.csv / ТТК."
,ИКРА ЛЕТУЧЕЙ РЫБЫ 100% ТОБИКО (500 гр),Всё для суши и японской кухни,1800,500,Описание временно не заполнено. Уточнить состав вручную.,,"Временное описание, собрано автоматически из menu-master.csv / ТТК."
,ИКРА ЛЕТУЧЕЙ РЫБЫ 100% ТОБИКО (50 гр),Всё для суши и японской кухни,190,50,Описание временно не заполнено. Уточнить состав вручную.,,"Временное описание, собрано автоматически из menu-master.csv / ТТК."
,ХРУСТЯЩИЙ ЖАРЕНЫЙ ЛУК,Всё для суши и японской кухни,100,,Описание временно не заполнено. Уточнить состав вручную.,,"Временное описание, собрано автоматически из menu-master.csv / ТТК."
,СТРУЖКА ТУНЦА (БОНИТО),Всё для суши и японской кухни,150,,Описание временно не заполнено. Уточнить состав вручную.,,"Временное описание, собрано автоматически из menu-master.csv / ТТК."
,ТАКУАН (МАРИНОВАННАЯ РЕДЬКА ДАЙКОН),Всё для суши и японской кухни,50,,Описание временно не заполнено. Уточнить состав вручную.,,"Временное описание, собрано автоматически из menu-master.csv / ТТК."
,ЦИНОВКА (КОВРИК) ДЛЯ ПРИГОТОВЛЕНИЯ РОЛ,Всё для суши и японской кухни,150,,Описание временно не заполнено. Уточнить состав вручную.,,"Временное описание, собрано автоматически из menu-master.csv / ТТК."
,КУНЖУТ ЧЕРНЫЙ 1 КГ,Всё для суши и японской кухни,550,,Описание временно не заполнено. Уточнить состав вручную.,,"Временное описание, собрано автоматически из menu-master.csv / ТТК."
,КУНЖУТ ЧЕРНЫЙ на развес,Всё для суши и японской кухни,70,,Описание временно не заполнено. Уточнить состав вручную.,,"Временное описание, собрано автоматически из menu-master.csv / ТТК."
,КУНЖУТ БЕЛЫЙ ЖАРЕНЫЙ 1 КГ,Всё для суши и японской кухни,550,,Описание временно не заполнено. Уточнить состав вручную.,,"Временное описание, собрано автоматически из menu-master.csv / ТТК."
,КУНЖУТ БЕЛЫЙ ЖАРЕНЫЙ на развес,Всё для суши и японской кухни,70,,Описание временно не заполнено. Уточнить состав вручную.,,"Временное описание, собрано автоматически из menu-master.csv / ТТК."
,ГРИБЫ ШИИТАКЕ ОТВАРНЫЕ,Всё для суши и японской кухни,100,,Описание временно не заполнено. Уточнить состав вручную.,,"Временное описание, собрано автоматически из menu-master.csv / ТТК."
,ГРИБЫ ШИИТАКЕ СУШЕНЫЕ 1,Всё для суши и японской кухни,1499,,Описание временно не заполнено. Уточнить состав вручную.,,"Временное описание, собрано автоматически из menu-master.csv / ТТК."
,ГРИБЫ ШИИТАКЕ СУШЕНЫЕ,Всё для суши и японской кухни,199,,Описание временно не заполнено. Уточнить состав вручную.,,"Временное описание, собрано автоматически из menu-master.csv / ТТК."
,ИМБИРЬ МАРИНОВАННЫЙ,Всё для суши и японской кухни,190,,Описание временно не заполнено. Уточнить состав вручную.,,"Временное описание, собрано автоматически из menu-master.csv / ТТК."
,УГОРЬ ЖАРЕНЫЙ БЕЗ СОУСА,Всё для суши и японской кухни,200,,Описание временно не заполнено. Уточнить состав вручную.,,"Временное описание, собрано автоматически из menu-master.csv / ТТК."
,ЛИСТ НОРИ 100 ШТ,Всё для суши и японской кухни,2300,,Описание временно не заполнено. Уточнить состав вручную.,,"Временное описание, собрано автоматически из menu-master.csv / ТТК."
,ЛИСТ НОРИ 1 шт,Всё для суши и японской кухни,25,,Описание временно не заполнено. Уточнить состав вручную.,,"Временное описание, собрано автоматически из menu-master.csv / ТТК."
,ВАСАБИ ПОРОШОК ОСТРЫЙ,Всё для суши и японской кухни,100,,Описание временно не заполнено. Уточнить состав вручную.,,"Временное описание, собрано автоматически из menu-master.csv / ТТК."
,"соус устричный, 30г",Добавки к роллам,50,,Описание временно не заполнено. Уточнить состав вручную.,,"Временное описание, собрано автоматически из menu-master.csv / ТТК."
,"Соус унаги, 50 гр",Добавки к роллам,50,50,Описание временно не заполнено. Уточнить состав вручную.,,"Временное описание, собрано автоматически из menu-master.csv / ТТК."
,"Соус унаги, 30 гр",Добавки к роллам,30,30,Описание временно не заполнено. Уточнить состав вручную.,,"Временное описание, собрано автоматически из menu-master.csv / ТТК."
,"Соус терияки, 50 гр",Добавки к роллам,50,50,Описание временно не заполнено. Уточнить состав вручную.,,"Временное описание, собрано автоматически из menu-master.csv / ТТК."
,"Соус терияки, 30 гр",Добавки к роллам,30,30,Описание временно не заполнено. Уточнить состав вручную.,,"Временное описание, собрано автоматически из menu-master.csv / ТТК."
,"Соус сырный, 50 гр",Добавки к роллам,50,50,Описание временно не заполнено. Уточнить состав вручную.,,"Временное описание, собрано автоматически из menu-master.csv / ТТК."
,"Соус сырный, 30 гр",Добавки к роллам,30,30,Описание временно не заполнено. Уточнить состав вручную.,,"Временное описание, собрано автоматически из menu-master.csv / ТТК."
,"СОУС БАРБЕКЮ, 50г",Добавки к роллам,50,,Описание временно не заполнено. Уточнить состав вручную.,,"Временное описание, собрано автоматически из menu-master.csv / ТТК."
,"СОУС БАРБЕКЮ, 30г",Добавки к роллам,30,,Описание временно не заполнено. Уточнить состав вручную.,,"Временное описание, собрано автоматически из menu-master.csv / ТТК."
,"СОУС ОРЕХОВЫЙ, 50г",Добавки к роллам,50,,Описание временно не заполнено. Уточнить состав вручную.,,"Временное описание, собрано автоматически из menu-master.csv / ТТК."
,"СОУС ОРЕХОВЫЙ, 30г",Добавки к роллам,30,,Описание временно не заполнено. Уточнить состав вручную.,,"Временное описание, собрано автоматически из menu-master.csv / ТТК."
,"СОУС ФИРМЕННЫЙ (фри / наггетсы), 30гр",Добавки к роллам,30,30,Описание временно не заполнено. Уточнить состав вручную.,,"Временное описание, собрано автоматически из menu-master.csv / ТТК."
,"СОУС ФИРМЕННЫЙ (фри / наггетсы), 50гр",Добавки к роллам,50,50,Описание временно не заполнено. Уточнить состав вручную.,,"Временное описание, собрано автоматически из menu-master.csv / ТТК."
,Соевый соус фирменный (бутылочка) 100мл,Добавки к роллам,75,,Описание временно не заполнено. Уточнить состав вручную.,,"Временное описание, собрано автоматически из menu-master.csv / ТТК."
,"Соус спайси (острый), 30г",Добавки к роллам,30,,Описание временно не заполнено. Уточнить состав вручную.,,"Временное описание, собрано автоматически из menu-master.csv / ТТК."
,"Соус спайси (острый), 50г",Добавки к роллам,50,,Описание временно не заполнено. Уточнить состав вручную.,,"Временное описание, собрано автоматически из menu-master.csv / ТТК."
,Соевый соус (баночка 40мл),Добавки к роллам,25,,Описание временно не заполнено. Уточнить состав вручную.,,"Временное описание, собрано автоматически из menu-master.csv / ТТК."
,"ВАСАБИ, 20г",Добавки к роллам,25,,Описание временно не заполнено. Уточнить состав вручную.,,"Временное описание, собрано автоматически из menu-master.csv / ТТК."
,"ВАСАБИ, 40г",Добавки к роллам,45,,Описание временно не заполнено. Уточнить состав вручную.,,"Временное описание, собрано автоматически из menu-master.csv / ТТК."
,"ВАСАБИ, 60г",Добавки к роллам,65,,Описание временно не заполнено. Уточнить состав вручную.,,"Временное описание, собрано автоматически из menu-master.csv / ТТК."
,"ИМБИРЬ, 30г",Добавки к роллам,30,,Описание временно не заполнено. Уточнить состав вручную.,,"Временное описание, собрано автоматически из menu-master.csv / ТТК."
,"ИМБИРЬ, 50г",Добавки к роллам,50,,Описание временно не заполнено. Уточнить состав вручную.,,"Временное описание, собрано автоматически из menu-master.csv / ТТК."
,"ИМБИРЬ, 100г",Добавки к роллам,65,,Описание временно не заполнено. Уточнить состав вручную.,,"Временное описание, собрано автоматически из menu-master.csv / ТТК."
387,Весенний роман,Роллы,790,,"Состав: сыр сливочный, креветки, ц1, авокадо.",нори 1/2; рис 130г; сыр сливочный 20г; креветки (отв) 20г; ц1; авокадо 20г; лосось филе 30г; соус унаги 10г; цветочки съедобные 3шт,"Временное описание, собрано автоматически из menu-master.csv / ТТК."
385,Запечённый Фитнес ролл,Запечённые и жареные роллы,259,,"Состав: перец болг, помидор, огурец, пекинка.",нори 2/3; рис 120г; перец болг 10г; помидор 10г; огурец 10г; пекинка 10г; сырный для запекания 40г; соус унаги 10г; микрозелень горошек,"Временное описание, собрано автоматически из menu-master.csv / ТТК."
